inspection_id,dba_name,aka_name,license_,facility_type,risk,address,city,state,zip,inspection_date,inspection_type,results,latitude,longitude
58236,THE DINING ROOM AT KENDALL NFP,THE DINING ROOM,1979756,Restaurant,Risk 1 (High),900 N NORTH BRANCH ST,CHICAGO,IL,60642,2010-01-07,Canvass,Pass,41.89896533484934,-87.64809026360946
67978,RED SHIELD,RED SHIELD,1697428,Daycare Above and Under 2 Years,Risk 1 (High),945 W 69TH ST,CHICAGO,IL,60621,2010-01-21,Canvass,Pass,41.76866571454341,-87.64870343827774
67991,EL NUEVO MEXICANO,EL NUEVO MEXICANO,1525,Restaurant,Risk 1 (High),2914 N CLARK ST,CHICAGO,IL,60657,2010-01-11,Canvass,Fail,41.9351819008089,-87.64698740774581
67992,EL NUEVO MEXICANO,EL NUEVO MEXICANO,1525,Restaurant,Risk 1 (High),2914 N CLARK ST,CHICAGO,IL,60657,2010-01-19,Canvass Re-Inspection,Pass,41.9351819008089,-87.64698740774581
68174,MCDONALD' S # 5618,MCDONALD' S # 5618,1960250,Restaurant,Risk 2 (Medium),3620 N CLARK ST,CHICAGO,IL,60613,2010-02-05,Suspected Food Poisoning,Pass w/ Conditions,41.94771192275855,-87.65709387286819
68272,DE ARCOS PIZZA & RESTAURANT,DE ARCOS PIZZA & RESTAURANT,1577283,Restaurant,Risk 1 (High),2832 E 87TH ST,CHICAGO,IL,60617,2010-01-22,Tag Removal,Pass,41.737446792721215,-87.55503911795913
68347,SUBWAY,SUBWAY,1621492,Restaurant,Risk 1 (High),1936 E 95TH ST,CHICAGO,IL,60617,2010-03-22,Suspected Food Poisoning,Pass,41.722565784499146,-87.57634459660001
68348,SUBWAY,SUBWAY,1621492,Restaurant,Risk 1 (High),1936 E 95TH ST,CHICAGO,IL,60617,2010-03-22,Suspected Food Poisoning,Pass,41.722565784499146,-87.57634459660001
68441,QODESH EDUCATIONAL INSTITUTE,QODESH EDUCATIONAL INSTITUTE,1224477,Daycare (Under 2 Years),Risk 1 (High),2534-38 E 83RD ST,CHICAGO,IL,60617,2010-06-03,License,Fail,41.74462004665804,-87.56233480378744
72250,MCDONALD'S RESTAURANT,MCDONALD'S,1986407,Restaurant,Risk 2 (Medium),1831 W DEVON AVE,CHICAGO,IL,60660,2010-01-27,License Re-Inspection,Pass,41.99785643742185,-87.67642502602074
72258,ALL AMERICAN NURSING HOME,ALL AMERICAN NURSING HOME,3727,Long Term Care,Risk 1 (High),5448 N BROADWAY,CHICAGO,IL,60640,2010-02-25,Canvass,Pass,41.98142065521809,-87.66015557403873
78338,YU'S CHINESE KITCHEN,YU'S CHINESE KITCHEN,1998519,Restaurant,Risk 1 (High),6319 S DR. MARTIN LUTHER KING JR DR,CHICAGO,IL,60637,2010-03-09,Canvass,Pass,41.779555319953104,-87.61546236652772
78346,"PROGRESSIVE HOUSING, INC.","PROGRESSIVE HOUSING, INC.",1965133,Long Term Care,Risk 1 (High),7270 S SOUTH SHORE DR,CHICAGO,IL,60649,2010-03-11,Canvass Re-Inspection,Pass,41.76405322482226,-87.56078336305504
80249,"BROADWAY GRILL, INC.",BROADWAY GRILL,1620335,Restaurant,Risk 1 (High),4800 N BROADWAY,CHICAGO,IL,60640,2010-02-23,Complaint,Pass w/ Conditions,41.96908331914566,-87.65981945361588
88218,MAYNE/ACT ONE CAFE,MAYNE/ACT ONE,2003847,Restaurant,Risk 2 (Medium),1328-1330 W MORSE AVE,CHICAGO,IL,60626,2010-01-14,License,Fail,42.008037223103784,-87.66489552129833
88223,ASPIRA HAUGAN,ASPIRA HAUGAN MIDDLE SCHOOL,66351,School,Risk 1 (High),3729 W LELAND AVE,CHICAGO,IL,60625,2010-01-20,Canvass,Pass,41.96637821294302,-87.72182580739543
88243,STAR GRILL,STAR GRILL,1958656,Restaurant,Risk 1 (High),1215 W DEVON AVE,CHICAGO,IL,60660,2010-02-04,Complaint,Pass,41.99807133298725,-87.66123148104344
88254,ben tre cafe,ben tre cafe,2003718,Restaurant,Risk 1 (High),3146 W touhy BLDG,CHICAGO,IL,60645,2010-02-16,License Re-Inspection,Pass,42.01197987928261,-87.70853385148317
88290,THE BASEMENT,THE BASEMENT,1801694,hooka lounge,Risk 3 (Low),5700 N CLARK ST,CHICAGO,IL,60660,2010-03-12,Complaint,Fail,41.98543836169522,-87.66933050632552
88601,FIRST ZABIHA MEAT BAZAAR,FIRST ZABIHA MEAT BAZAAR,1621918,Grocery Store,Risk 2 (Medium),2907 W DEVON AVE,CHICAGO,IL,60659,2010-11-19,Canvass Re-Inspection,Fail,41.99740137039031,-87.70238538227812
112432,SPORTSERVICE SOLDIER FIELD,PIZZA,1354323,Restaurant,Risk 2 (Medium),1410 S MUSEUM CAMPUS DR,CHICAGO,IL,60605,2010-06-07,Canvass,Pass,41.862628294037634,-87.61503109411332
114497,SPORTSERVICE SOLDIER FIELD,HOT DOG STAND,1354323,Restaurant,Risk 2 (Medium),1410 S MUSEUM CAMPUS DR,CHICAGO,IL,60605,2010-06-07,Canvass,Pass,41.862628294037634,-87.61503109411332
114498,SPORTSERVICE SOLDIER FIELD,GRIDIRON GRILL,1354323,Restaurant,Risk 2 (Medium),1410 S MUSEUM CAMPUS DR,CHICAGO,IL,60605,2010-06-08,Canvass,Pass,41.862628294037634,-87.61503109411332
114500,SPORTSERVICE SOLDIER FIELD,HOT DOG,1354323,Restaurant,Risk 2 (Medium),1410 S MUSEUM CAMPUS DR,CHICAGO,IL,60605,2010-06-07,Canvass,Pass,41.862628294037634,-87.61503109411332
120317,TOMATO HEAD,TOMATO HEAD,1937125,Restaurant,Risk 1 (High),945 W RANDOLPH ST,CHICAGO,IL,60607,2010-01-15,Complaint,Fail,41.88422707893843,-87.65151813840151
120318,TOMATO HEAD,TOMATO HEAD,1937125,Restaurant,Risk 1 (High),945 W RANDOLPH ST,CHICAGO,IL,60607,2010-01-22,Complaint Re-Inspection,Pass,41.88422707893843,-87.65151813840151
134240,ARMITAGE PRODUCE INC,ARMITAGE PRODUCE,1771323,Grocery Store,Risk 1 (High),2007 N KIMBALL AVE,CHICAGO,IL,60647,2010-01-06,Complaint Re-Inspection,Pass,41.91756241889966,-87.7117551086784
154306,SAI CAFE,SAI CAFE,18872,Restaurant,Risk 1 (High),2010 N SHEFFIELD AVE,CHICAGO,IL,60614,2010-03-12,Suspected Food Poisoning,Fail,41.91847496076938,-87.65352811844411
158274,ARGENTINA FOODS,ARGENTINA FOODS,57047,Grocery Store,Risk 2 (Medium),4500 S WOOD ST,CHICAGO,IL,60609,2010-01-20,Out of Business,Fail,41.81210515297724,-87.67007183351623
158276,SCOTT'S HAMBURGER HEAVEN,SCOTT'S HAMBURGER HEAVEN,1821087,Restaurant,Risk 1 (High),1546 W 35TH ST,CHICAGO,IL,60609,2010-01-20,Canvass Re-Inspection,Pass,41.830619099685535,-87.66498111376346
158352,WELLS FOOD MART INC.,WELLS FOOD MART INC.,2002910,Grocery Store,Risk 3 (Low),5458 S WELLS ST,CHICAGO,IL,60609,2010-03-08,License Re-Inspection,Fail,41.79456007076774,-87.63192847483175
160390,SPORTSERVICE SOLDIER FIELD,GRIDIRON GRILL,1354323,Restaurant,Risk 2 (Medium),1410 S MUSEUM CAMPUS DR,CHICAGO,IL,60605,2010-06-07,Canvass,Pass,41.862628294037634,-87.61503109411332
164256,SAFAH FOOD & LIQUOR INC,SAFAH FOOD & LIQUOR INC,14103,Grocery Store,Risk 3 (Low),7105 S RACINE AVE,CHICAGO,IL,60636,2010-01-05,Canvass Re-Inspection,Pass,41.76489640024705,-87.65396483351302
197469,SPORTSERVICE SOLDIER FIELD,GRIDIRON GRILL,1354323,Restaurant,Risk 2 (Medium),1410 S MUSEUM CAMPUS DR,CHICAGO,IL,60605,2010-06-07,Canvass,Pass,41.862628294037634,-87.61503109411332
197474,SPORTSERVICE SOLDIER FIELD,BREWS BROTHER,1354323,Restaurant,Risk 3 (Low),1410 S MUSEUM CAMPUS DR,CHICAGO,IL,60605,2010-06-07,Canvass,Pass,41.862628294037634,-87.61503109411332
197475,SPORTSERVICE SOLDIER FIELD,1ST DOWN FRANKS,1354323,Restaurant,Risk 2 (Medium),1410 S MUSEUM CAMPUS DR,CHICAGO,IL,60605,2010-06-07,Canvass,Pass,41.862628294037634,-87.61503109411332
197476,SPORTSERVICE SOLDIER FIELD,GRIDIRON GRILL,1354323,Restaurant,Risk 2 (Medium),1410 S MUSEUM CAMPUS DR,CHICAGO,IL,60605,2010-06-07,Canvass,Pass,41.862628294037634,-87.61503109411332
197478,SPORTSERVICE SOLDIER FIELD,SOUTHSIDE BRATS,1354323,Restaurant,Risk 2 (Medium),1410 S MUSEUM CAMPUS DR,CHICAGO,IL,60605,2010-06-07,Canvass,Pass,41.862628294037634,-87.61503109411332
197480,SPORTSERVICE SOLDIER FIELD,2ND CITY PIZZA,1354323,Restaurant,Risk 2 (Medium),1410 S MUSEUM CAMPUS DR,CHICAGO,IL,60605,2010-06-07,Canvass,Pass,41.862628294037634,-87.61503109411332
197481,SPORTSERVICE SOLDIER FIELD,1ST DOWN FRANKS,1354323,Restaurant,Risk 2 (Medium),1410 S MUSEUM CAMPUS DR,CHICAGO,IL,60605,2010-06-07,Canvass,Pass,41.862628294037634,-87.61503109411332
205315,GATEWAY NEWSTAND,GATEWAY NEWSTAND,2026945,Grocery Store,Risk 3 (Low),875 N MICHIGAN AVE,CHICAGO,IL,60611,2010-03-30,License,Fail,41.898948541729865,-87.62397498768968
205359,AMERICA'S DOG,AMERICA'S DOG,,Navy Pier Kiosk,Risk 2 (Medium),600 E GRAND AVE,CHICAGO,IL,60611,2010-06-15,License,Pass,41.892094136861786,-87.61156988394656
205372,COUNTRY CORN,COUNTRY CORN,,Navy Pier Kiosk,Risk 3 (Low),600 E GRAND AVE,CHICAGO,IL,60611,2010-06-21,License,Fail,41.892094136861786,-87.61156988394656
231284,ILLINOIS SPORTSERVICE INC,MOOSES DOGS AND POLISH 10 (#538),14616,KIOSK,Risk 2 (Medium),333 W 35TH ST,CHICAGO,IL,60616,2010-03-25,Canvass,Pass,41.83078366228312,-87.6352957830455
233442,Lincoln Park Academy,FRESHMAN BUILDING,1878494,School,Risk 2 (Medium),2021 N Burling AVE,CHICAGO,IL,60614,2010-05-03,Canvass,Pass,41.9189010987926,-87.64717807164104
233459,ZENTRA,ZENTRA,37577,Restaurant,Risk 3 (Low),923 W WEED ST,CHICAGO,IL,60642,2010-05-03,Canvass Re-Inspection,Pass,41.90968970705219,-87.65195482147212
233570,CITGO FUEL & MINI MART,CITGO FUEL & MINI MART,2027297,Grocery Store,Risk 3 (Low),2352 E 75TH ST,CHICAGO,IL,60649,2010-05-06,License,Fail,41.759093980239946,-87.5666892139346
238232,NEW SUNRISE GYROS RESTURANT,NEW SUNRISE GYROS RESTURANT,1997768,Restaurant,Risk 2 (Medium),1140 W 76TH ST BLDG,CHICAGO,IL,60620,2010-03-02,Short Form Complaint,Pass,41.75607779899558,-87.65307161936285
250626,SPORTSERVICE SOLDIER FIELD,BREWS BROTHER,1354323,Restaurant,Risk 3 (Low),1410 S MUSEUM CAMPUS DR,CHICAGO,IL,60605,2010-06-07,Canvass,Pass,41.862628294037634,-87.61503109411332
250633,SPORTSERVICE SOLDIER FIELD,GRIDIRON GRILL,1354323,Restaurant,Risk 2 (Medium),1410 S MUSEUM CAMPUS DR,CHICAGO,IL,60605,2010-06-07,Canvass,Pass,41.862628294037634,-87.61503109411332
250655,SPORTSERVICE SOLDIER FIELD,2ND CITY PIZZA,1354323,Restaurant,Risk 2 (Medium),1410 S MUSEUM CAMPUS DR,CHICAGO,IL,60605,2010-06-07,Canvass,Pass,41.862628294037634,-87.61503109411332
250660,SPORTSERVICE SOLDIER FIELD,1ST DOWN FRANK,1354323,Restaurant,Risk 2 (Medium),1410 S MUSEUM CAMPUS DR,CHICAGO,IL,60605,2010-06-07,Canvass,Pass,41.862628294037634,-87.61503109411332
277119,L ISAASCSON STEIN FISH CO INC,L ISAASCSON STEIN FISH CO INC,4077,fish market,Risk 2 (Medium),800 W FULTON MARKET,CHICAGO,IL,60607,2010-07-07,Complaint,Pass,41.88690672817522,-87.647565096457
284363,URBAN INDIA RESTAURANT,URBAN INDIA RESTAURANT,2049216,Restaurant,Risk 1 (High),2601 W DEVON AVE,CHICAGO,IL,60659,2010-08-10,License,Fail,41.99753534020119,-87.69482177020934
361209,ELSTON CHICKEN POULTRY,ELSTON CHICKEN POULTRY,1578137,Grocery Store,Risk 2 (Medium),4350 N ELSTON AVE,CHICAGO,IL,60641,2010-08-05,Short Form Complaint,Pass,41.95979066935908,-87.72826314625367
361215,SUBWAY SANDWICHES,SUBWAY SANDWICHES,1249180,Restaurant,Risk 1 (High),4101 W LAWRENCE AVE,CHICAGO,IL,60630,2010-08-10,Suspected Food Poisoning Re-inspection,Pass,41.968104654363614,-87.73053778099141
365255,FRUTERIA ZAVALA,FRUTERIA ZAVALA,1545217,,Risk 3 (Low),2859 S ST LOUIS AVE,CHICAGO,IL,60623,2010-08-17,Canvass,Out of Business,41.83902350089841,-87.71205647792159
365256,FRUTERIA ZAVALA,FRUTERIA ZAVALA,1095210,,Risk 3 (Low),2859 S ST LOUIS AVE,CHICAGO,IL,60623,2010-08-17,Canvass,Out of Business,41.83902350089841,-87.71205647792159
365486,BUENOS AMIGOS RESTAURANT,BUENOS AMIGOS RESTAURANT,1354105,,Risk 3 (Low),3006 N ELSTON AVE,CHICAGO,IL,60618,2011-01-10,Canvass,Out of Business,41.93585595927702,-87.69339021416926
371207,CERMAK PRODUCE NO.4,CERMAK PRODUCE NO.4,69608,Grocery Store,Risk 1 (High),2701 W NORTH AVE,CHICAGO,IL,60647,2010-07-21,Short Form Complaint,Pass,41.910132240414285,-87.6946003938662
413603,GRAND KATACHI,GRAND KATACHI,2027764,Restaurant,Risk 1 (High),4747 N DAMEN AVE,CHICAGO,IL,60625,2010-09-13,License Re-Inspection,Fail,41.96833040315145,-87.67902762942835
413845,Shark's Fish & Chicken,Shark's Fish & Chicken,1193150,Restaurant,Risk 2 (Medium),2660 E 79TH ST,CHICAGO,IL,60649,2010-09-23,Complaint Re-Inspection,Pass,41.75193793360491,-87.55908694571022
413908,JANINA'S DELI,BOUEFGHAUS,1094341,Restaurant,Risk 1 (High),1012 N WESTERN AVE,CHICAGO,IL,60622,2010-09-27,Canvass,Pass,41.89983387207676,-87.68709615660384
413909,"COFFEE BERRY PLUS, INC",COFFEE BERRY,2055382,Restaurant,Risk 2 (Medium),4700 N KIMBALL AVE,CHICAGO,IL,60625,2010-09-27,License Re-Inspection,Pass,41.96667122670007,-87.71345814571208
413947,L'APPETITO IMP ITALIAN FDS INC,L'APPETITO,3943,Restaurant,Risk 1 (High),30 E HURON ST,CHICAGO,IL,60611,2010-09-28,Canvass,Pass,41.895004916666,-87.6268768692968
419503,MICHAEL FARR,,8027,Grocery Store,Risk 2 (Medium),4465 W LAWRENCE AVE,CHICAGO,IL,60630,2010-10-15,Canvass,Out of Business,41.96799592532325,-87.74047759212398
466483,TOCCO RESTAURANT,TOCCO RESTAURANT,1914120,Restaurant,Risk 1 (High),1266 N MILWAUKEE AVE,CHICAGO,IL,60622,2010-11-24,Consultation,Pass,41.90468982848127,-87.66878127418673
466492,LAVA LOUNGE,THE EXCHANGE,1739092,Liquor,Risk 3 (Low),1270 N MILWAUKEE AVE,CHICAGO,IL,60622,2010-11-24,Consultation,Pass,41.9047748660045,-87.66891429621131
469313,"DEREK'S DOGS & DELI, LLC",DEREK'S DOGS & DELI,2049845,Restaurant,Risk 1 (High),711 W ARMITAGE AVE,CHICAGO,IL,60614,2010-12-01,Short Form Complaint,Pass,41.91809714268833,-87.64658724128225
470282,SMALLBAR DIVISION,SMALL BAR #2,87119,Restaurant,Risk 1 (High),2049 W DIVISION ST,CHICAGO,IL,60622,2010-12-03,Canvass,Fail,41.903045577773014,-87.67919511353082
484207,"SODEXO AMERICA, LLC",ROWE-CLARK MATH ACADEMEY,1964629,School,Risk 1 (High),3645 W CHICAGO AVE,CHICAGO,IL,60651,2010-12-17,Canvass,Pass,41.89533477965775,-87.71805030259755
519218,KABUKI RESTAURANT,KABUKI RESTAURANT,2064114,Restaurant,Risk 1 (High),2473 N CLARK ST,CHICAGO,IL,60614,2011-07-26,License-Task Force,Fail,41.927477726852224,-87.64144977590252
519219,KABUKI RESTAURANT,KABUKI RESTAURANT,2064115,Restaurant,Risk 1 (High),2473 N CLARK ST,CHICAGO,IL,60614,2011-07-26,Task Force Liquor 1475,Fail,41.927477726852224,-87.64144977590252
519366,ALO CHICKEN GRILL,TAQUERIA MIKES,1991290,Restaurant,Risk 1 (High),1636 W Howard ST,CHICAGO,IL,60626,2012-01-26,Canvass,Out of Business,42.01949107318607,-87.67222364063808
537791,H & D GROCERY,H & D GROCERY,2130228,Grocery Store,Risk 3 (Low),613 E 67TH ST,CHICAGO,IL,60637,2011-12-22,License,Fail,41.77295590393432,-87.61005781088083
567409,SPORTSERVICE SOLDIER FIELD,GRIDIRON GRILL,1354323,Restaurant,Risk 2 (Medium),1410 S MUSEUM CAMPUS DR,CHICAGO,IL,60605,2011-05-23,Canvass,Pass,41.862628294037634,-87.61503109411332
567411,SPORTSERVICE SOLDIER FIELD,PIZZA,1354323,Restaurant,Risk 2 (Medium),1410 S MUSEUM CAMPUS DR,CHICAGO,IL,60605,2011-05-23,Canvass,Pass,41.862628294037634,-87.61503109411332
567416,SPORTSERVICE SOLDIER FIELD,1ST DOWN FRANKS,1354323,Restaurant,Risk 2 (Medium),1410 S MUSEUM CAMPUS DR,CHICAGO,IL,60605,2011-05-24,Canvass,Pass,41.862628294037634,-87.61503109411332
567417,SPORTSERVICE SOLDIER FIELD,GRIDIRON GRILL,1354323,Restaurant,Risk 2 (Medium),1410 S MUSEUM CAMPUS DR,CHICAGO,IL,60605,2011-05-24,Canvass,Pass,41.862628294037634,-87.61503109411332
569351,SPORTSERVICE SOLDIER FIELD,SOUTHSIDE BRATS,1354323,Restaurant,Risk 2 (Medium),1410 S MUSEUM CAMPUS DR,CHICAGO,IL,60605,2011-05-23,Canvass,Pass,41.862628294037634,-87.61503109411332
569352,SPORTSERVICE SOLDIER FIELD,GRIDIRON GRILL,1354323,Restaurant,Risk 2 (Medium),1410 S MUSEUM CAMPUS DR,CHICAGO,IL,60605,2011-05-23,Canvass,Pass,41.862628294037634,-87.61503109411332
569358,SPORTSERVICE SOLDIER FIELD,GRIDIRON GRILL,1354323,Restaurant,Risk 2 (Medium),1410 S MUSEUM CAMPUS DR,CHICAGO,IL,60605,2011-05-24,Canvass,Pass,41.862628294037634,-87.61503109411332
569359,SPORTSERVICE SOLDIER FIELD,2ND CITY PIZZA,1354323,Restaurant,Risk 2 (Medium),1410 S MUSEUM CAMPUS DR,CHICAGO,IL,60605,2011-05-24,Canvass,Pass,41.862628294037634,-87.61503109411332
569364,SPORTSERVICE SOLDIER FIELD,1ST DOWN FRANK,1354323,Restaurant,Risk 2 (Medium),1410 S MUSEUM CAMPUS DR,CHICAGO,IL,60605,2011-05-24,Canvass,Pass,41.862628294037634,-87.61503109411332
569378,AMERICA'S DOG,AMERICA'S DOG,,Navy Pier Kiosk,Risk 2 (Medium),600 E GRAND AVE,CHICAGO,IL,60611,2011-06-01,License,Pass,41.892094136861786,-87.61156988394656
569386,COMPLETELY NUTS,COMPLETELY NUTS,,Navy Pier Kiosk,Risk 3 (Low),600 E GRAND AVE,CHICAGO,IL,60611,2011-06-03,License,Pass,41.892094136861786,-87.61156988394656
569400,CHURRO FACTORY,CHURRO FACTORY,,Navy Pier Kiosk,Risk 2 (Medium),600 E GRAND AVE,CHICAGO,IL,60611,2011-06-08,License,Pass,41.892094136861786,-87.61156988394656
577318,TEDDY BEAR SERVICES CORP,TEDDY BEAR DAY CARE,27192,Children's Services Facility,Risk 1 (High),5160 S PULASKI RD,CHICAGO,IL,60632,2011-05-04,License Re-Inspection,Pass,41.79875025743268,-87.72346641018879
579371,HAMLINE,HAMLINE,23511,School,Risk 1 (High),4747 S Bishop (1432W),CHICAGO,IL,60609,2011-02-25,Canvass,Pass,41.8072634679238,-87.66113855560265
579581,RINCONCITO SUDAMERICANO INC,RINCONCITO SUDAMERICANO INC,14924,,Risk 3 (Low),2529 N MILWAUKEE AVE,CHICAGO,IL,60647,2011-03-08,Canvass,Out of Business,41.92738885343592,-87.70442805668638
580602,WENDY'S #001206,WENDY'S #001206,6773,Restaurant,Risk 1 (High),1623 W DIVISION ST,CHICAGO,IL,60622,2011-04-27,Complaint,Pass w/ Conditions,41.903221562685445,-87.66848595723334
580616,ALEGRA,ALEGRA RESTAURANT & BAR,1997582,Restaurant,Risk 1 (High),5406-5408 W FULLERTON AVE,CHICAGO,IL,60639,2011-04-27,Canvass,Fail,41.92414989457289,-87.76136988672664
581074,Mabuhay Grill,Mabuhay Grill,2087939,Restaurant,Risk 1 (High),3810 N CENTRAL AVE,CHICAGO,IL,60634,2011-05-06,License,Fail,41.949884169596324,-87.76703882370184
604626,FRANK'S FRANKS,FRANK'S FRANKS,2065013,Restaurant,Risk 2 (Medium),6132 N NORTHWEST HWY,CHICAGO,IL,60631,2012-02-16,Canvass,Out of Business,41.99294605509157,-87.80026922618272
612465,DISTRICT,DISTRICT,1926854,Restaurant,Risk 1 (High),170 W ONTARIO ST,CHICAGO,IL,60654,2011-09-20,Complaint,Fail,41.89329934684629,-87.63403945791897
659352,ROPA RESTAURANT & WINE BAR,AQUA BAR & GRILL,1893935,Restaurant,Risk 1 (High),1146 W PRATT BLVD,CHICAGO,IL,60626,2011-11-16,Canvass,Pass,42.00565705992212,-87.66037855944283
666209,7-ELEVEN,7_ELEVEN,33039,Grocery Store,Risk 2 (Medium),200 N DEARBORN ST,CHICAGO,IL,60601,2011-11-07,Canvass,Pass,41.88579631234916,-87.6296461541294
670598,FRANK'S FRANKS,FRANK'S FRANKS,2065013,Restaurant,Risk 2 (Medium),6132 N NORTHWEST HWY,CHICAGO,IL,60631,2012-02-16,Canvass,Out of Business,41.99294605509157,-87.80026922618272
782213,LA HACIENDITA TAQUERIA INC,LA HACIENDITA TAQUERIA,1479601,Restaurant,Risk 1 (High),3322 W 47TH ST,CHICAGO,IL,60632,2012-02-09,Canvass,Pass,41.80818630754135,-87.7074336905461
1096245,Chicago DQ Grill and Chill,Chicago DQ Grill and Chill,1959931,Restaurant,Risk 1 (High),436 S Wabash AVE,CHICAGO,IL,60605,2012-03-01,Canvass,Pass,41.87607409944023,-87.62618265822849
1114328,SOPRAFFINA MARKET CAFE,SOPRAFFINA MARKET CAFE,1224221,Restaurant,Risk 1 (High),111 E WACKER DR,CHICAGO,IL,60601,2012-06-13,Canvass Re-Inspection,Pass w/ Conditions,41.88807942610461,-87.62404736976374
1134456,BIG & LITTLE'S,,2036229,Restaurant,Risk 2 (Medium),939 N ORLEANS ST,CHICAGO,IL,60610,2012-03-06,Canvass,Out of Business,41.90014977443748,-87.63716134942399
1138286,ADVOCATE ILLINOIS MASONIC MEDICAL CENTER,RENDEVOUZ CAFETERIA,15777,Restaurant,Risk 1 (High),836 W WELLINGTON AVE,CHICAGO,IL,60657,2012-05-18,Canvass,Pass,41.93645016758182,-87.65055245204128
1138370,AMERICA'S DOG,AMERICA'S DOG,,Navy Pier Kiosk,Risk 2 (Medium),600 E GRAND AVE,CHICAGO,IL,60611,2012-06-28,Canvass,Pass,41.892094136861786,-87.61156988394656
1198213,SCHMEAR,SCHMEAR,2137606,Restaurant,Risk 2 (Medium),3738 N BROADWAY,CHICAGO,IL,60613,2012-03-13,License,Fail,41.95036379958208,-87.64926099909027
1214460,"1234 BBQ RIBS INC.,",HEEKRY'S BBQ PLACE,2042583,Restaurant,Risk 1 (High),1234 N HALSTED ST,CHICAGO,IL,60642,2012-04-27,Canvass,Fail,41.90450210717989,-87.64826686780404
1214984,EDGAR TAQUERIA SUSUPUATO,EDGAR TAQUERIA SUSUPUATO,30900,,Risk 3 (Low),5973 N CLARK ST,CHICAGO,IL,60660,2012-05-17,Canvass,Out of Business,41.990585629172756,-87.6698696819702
1227247,EL CORRAL,LAS ISLAS DENAYARIT,1844537,Restaurant,Risk 1 (High),3118 W 59TH ST,CHICAGO,IL,60629,2012-03-06,Canvass,Out of Business,41.786381894858785,-87.70179623177904
1229501,HOLLYWOOD GRILL,HOLLYWOOD GRILL,44712,Restaurant,Risk 1 (High),1601 W NORTH AVE,CHICAGO,IL,60622,2012-02-28,Complaint,Pass,41.9105196352962,-87.66774968632781
1229652,COMPLETELY NUTS,COMPLETELY NUTS,,Navy Pier Kiosk,Risk 3 (Low),600 E GRAND AVE,CHICAGO,IL,60611,2012-06-14,Canvass,Pass,41.892094136861786,-87.61156988394656
1230078,CAFE CON LECHE (CCLB),CAFE CON LECHE,2065296,Restaurant,Risk 1 (High),1732 N MILWAUKEE AVE,CHICAGO,IL,60647,2012-07-13,Canvass,Pass,41.91273041812944,-87.68132703318662
1235028,BLUE SKY INN,BLUE SKY INN,1894583,,Risk 3 (Low),4749 N ALBANY AVE,CHICAGO,IL,60625,2012-09-05,Canvass,Out of Business,41.968104201780136,-87.70587151550546
1300304,FALAFIL SHACK,,2003210,Restaurant,Risk 1 (High),6130 N RAVENSWOOD AVE,CHICAGO,IL,60660,2012-07-20,Canvass,Out of Business,41.9929136599404,-87.67546577788274
